product_slug,product_name,size,quantity
windbreaker,The Windbreaker,S,2
windbreaker,The Windbreaker,M,4
windbreaker,The Windbreaker,L,2
windbreaker,The Windbreaker,XL,2
windbreaker,The Windbreaker,2XL,3
navy-white-hoodie,Navy and White Hoodie,S,1
navy-white-hoodie,Navy and White Hoodie,M,1
navy-white-hoodie,Navy and White Hoodie,L,1
navy-white-hoodie,Navy and White Hoodie,XL,0
navy-white-hoodie,Navy and White Hoodie,2XL,3
burgundy-pink-hoodie,Burgundy and Baby Pink Hoodie,S,1
burgundy-pink-hoodie,Burgundy and Baby Pink Hoodie,M,1
burgundy-pink-hoodie,Burgundy and Baby Pink Hoodie,L,1
burgundy-pink-hoodie,Burgundy and Baby Pink Hoodie,XL,2
burgundy-pink-hoodie,Burgundy and Baby Pink Hoodie,2XL,1
joggers-black,Straight Leg Heavyweight Joggers | Black,S,2
joggers-black,Straight Leg Heavyweight Joggers | Black,M,0
joggers-black,Straight Leg Heavyweight Joggers | Black,L,0
joggers-black,Straight Leg Heavyweight Joggers | Black,XL,1
joggers-black,Straight Leg Heavyweight Joggers | Black,2XL,0
zip-hoodie-black,Heavyweight Zip Up Hoodie | Black,S,0
zip-hoodie-black,Heavyweight Zip Up Hoodie | Black,M,0
zip-hoodie-black,Heavyweight Zip Up Hoodie | Black,L,0
zip-hoodie-black,Heavyweight Zip Up Hoodie | Black,XL,1
zip-hoodie-black,Heavyweight Zip Up Hoodie | Black,2XL,0
ht-jersey,The Jersey,XS,1
ht-jersey,The Jersey,S,4
ht-jersey,The Jersey,M,0
ht-jersey,The Jersey,L,4
ht-jersey,The Jersey,XL,1
ht-jersey,The Jersey,2XL,1
